arun,2024-03-05,1234567890,arun@gmail.com,12345678,ef797c8118f02dfb649607dd5d3f8c7623048c9c063d532cc95c5ed7a898a64f,2024
arun,2024-03-12,1234567890,arun@gmail.com,adsfasdf,3adafc9b84bccc4de71e44d92d69bd1c8963ca812934c7bf61f5ce22b9fc63c7,2024
arun,2024-03-05,1234567890,arun@gmail.com,asdfasdf,3c1228d4f786993ab75096d79cfce4e4501fe09989737e8cb799587329c20824,2024
arun2,2024-03-05,1234567890,arun@gmail.com,adfasdfa,8b8dbe44932cf907c34677bdfb4d86173d1af2ab22ea5eb9802976c1f27c91ea,2024
arun3,2024-03-01,1234567890,arun@gmail.com,adfadgfsdafsdf,756460445c7e4fd3f98734a13646eabfeb5b864b71142e485b1a832af6572bd5,2024
arun3,2024-03-01,1234567890,arun@gmail.com,12345,7ac4d70eab593276b635ad99d9ab3a3f609d6b3dff47584baa79f46f020402a0,2024
